,precision,recall,f1-score,support
Hypertrophic,0.8806306306306306,0.8947368421052632,0.887627695800227,874.0
Proliferative,0.9234409799554566,0.9286114221724524,0.9260189838079286,3572.0
Resting,0.6538461538461539,0.5396825396825397,0.591304347826087,63.0
Undetermined_1,0.5256410256410257,0.5216284987277354,0.5236270753512133,393.0
Undetermined_2,0.618798955613577,0.5880893300248139,0.6030534351145038,403.0
accuracy,0.8623939679547596,0.8623939679547596,0.8623939679547596,0.8623939679547596
macro avg,0.7204715491373688,0.6945497265425609,0.7063263075799918,5305.0
weighted avg,0.860574469642519,0.8623939679547596,0.8613750358470379,5305.0
