,precision,recall,f1-score,support
Hypertrophic,0.8745837957824639,0.9016018306636155,0.887887323943662,874.0
Proliferative,0.926458157227388,0.9192060385798155,0.922817850126298,3577.0
Resting,0.43636363636363634,0.5454545454545454,0.48484848484848486,44.0
Undetermined_1,0.5194805194805194,0.5128205128205128,0.5161290322580645,390.0
Undetermined_2,0.5879518072289157,0.580952380952381,0.5844311377245509,420.0
accuracy,0.8565504241281809,0.8565504241281809,0.8565504241281809,0.8565504241281809
macro avg,0.6689675832165848,0.692007061694174,0.6792227657802121,5305.0
weighted avg,0.8571280353534003,0.8565504241281809,0.8567422629192871,5305.0
